image,source,method,output_width,output_height,target_size_source,fit_residual_rmse_px,fit_residual_max_px,matrix_error_vs_truth,transfer_rmse_vs_truth_px,transfer_max_vs_truth_px,target_mismatch_rmse_px,aspect_error_percent,solve_ms,solve_ms_std,warp_ms,warp_ms_std,image_mae_vs_opencv
fig1.jpg,phone,basic_dlt,676,594,estimated,1.3772064981792112e-08,2.4246703842616822e-08,,,,,,0.09255000622943044,0.0937577602822712,52.76479996973649,3.733879813468383,0.00021085277495533906
fig1.jpg,phone,normalized_dlt,676,594,estimated,3.054759450713627e-13,4.662231107088346e-13,,,,,,0.07254999945871532,0.03911729788842901,52.43659997358918,0.5463242399843132,0.00021085277495533906
fig1.jpg,phone,opencv,676,594,estimated,1.7074132785241e-13,2.7899160011332503e-13,,,,,,0.002500019036233425,0.020805308084289497,0.5253000417724252,3.618359607952261,
fig2.jpg,phone,basic_dlt,1114,682,estimated,3.286441221660144e-08,4.241236192523695e-08,,,,,,0.09134999709203839,0.06517807002619738,96.41559998271987,1.2973998317015727,0.00012284775127191296
fig2.jpg,phone,normalized_dlt,1114,682,estimated,3.8475370654800506e-13,7.009535407979766e-13,,,,,,0.07249999907799065,0.05458662756183133,93.63540000049397,2.4931011519067683,0.00012284775127191296
fig2.jpg,phone,opencv,1114,682,estimated,1.2000910798845766e-13,2.400182159769153e-13,,,,,,0.002500019036233425,0.007311389013554805,0.5023999838158488,0.04750363919224387,
fig3.jpg,phone,basic_dlt,964,911,estimated,2.331427508645587e-08,3.700975448751096e-08,,,,,,0.08995001553557813,0.04878593796916891,105.19619996193796,1.6130054957646482,0.00018902214064158213
fig3.jpg,phone,normalized_dlt,964,911,estimated,3.8919148012465145e-13,5.684341886080801e-13,,,,,,0.07180002285167575,0.04683195409477719,103.05670002708212,0.3905925635555381,0.00018902214064158213
fig3.jpg,phone,opencv,964,911,estimated,1.2335456884628123e-13,1.4863144824560033e-13,,,,,,0.002500019036233425,0.006593354387220499,0.5695000290870667,0.08344515533265699,
fig4.jpg,phone,basic_dlt,1000,629,estimated,9.409709646108356e-09,1.4382863642950538e-08,,,,,,0.08999998681247234,0.0757644661392051,73.27580003766343,0.6937142598156787,0.00015686274509803922
fig4.jpg,phone,normalized_dlt,1000,629,estimated,4.0242256381682557e-13,7.06424996360036e-13,,,,,,0.07139999070204794,0.04908021116957319,74.02250001905486,1.6071282020980924,0.00015686274509803922
fig4.jpg,phone,opencv,1000,629,estimated,1.6128407297454543e-13,2.5545697526939504e-13,,,,,,0.002500019036233425,0.007291256798325367,0.42050000047311187,0.08608248228838197,
book_cover.jpg,public,basic_dlt,771,1097,estimated,3.716218170981813e-08,4.8673530785211326e-08,,,,,,0.09190000128000975,0.05912975957086835,112.08930000429973,9.576416141648735,0.31390251525108176
book_cover.jpg,public,normalized_dlt,771,1097,estimated,2.8324500327843233e-13,3.8844877294514177e-13,,,,,,0.07475001621060073,0.08643725422457614,110.01569998916239,0.8356226792626635,0.2638981997437495
book_cover.jpg,public,opencv,771,1097,estimated,1.797546735911271e-13,2.2737367544323206e-13,,,,,,0.002400018274784088,0.008936555795217625,0.6436999537982047,0.07560645780762719,
chessboard.jpg,public,basic_dlt,1437,914,estimated,7.760758770814503e-08,1.016618761037527e-07,,,,,,0.09695001062937081,0.06249491576706238,182.62000003596768,14.241533628010915,0.00024262395266904115
chessboard.jpg,public,normalized_dlt,1437,914,estimated,3.1536850861857574e-13,3.3629990322294526e-13,,,,,,0.07310000364668667,0.07940017207665719,172.98510001273826,0.47135336940746614,0.00024262395266904115
chessboard.jpg,public,opencv,1437,914,estimated,3.453939378230481e-05,5.134412888930125e-05,,,,,,0.003700028173625469,0.00909013706710725,0.7473999867215753,0.021459896569264857,
docunet_29_view1.jpg,public,basic_dlt,550,399,estimated,8.982926680124756e-09,1.387538585658851e-08,,,,,,0.09429999045096338,0.051643122590821884,26.758600026369095,1.1063171769781033,0.0005908711171869066
docunet_29_view1.jpg,public,normalized_dlt,550,399,estimated,1.7127353966468129e-13,2.2737367544323206e-13,,,,,,0.07675000233575702,0.051463092904850856,25.524299999233335,0.5468778024099626,0.0005908711171869066
docunet_29_view1.jpg,public,opencv,550,399,estimated,2.7959943062406593e-05,3.2016864773188496e-05,,,,,,0.0024499895516783,0.006913288861521602,0.19500002963468432,0.03208163462193312,
docunet_29_view2.jpg,public,basic_dlt,471,595,estimated,1.0250067198632471e-08,1.5161567902375315e-08,,,,,,0.09439999121241271,0.057332795539709366,30.442100018262863,1.2396336481527177,0.0006339690865730581
docunet_29_view2.jpg,public,normalized_dlt,471,595,estimated,1.5874467224876448e-13,2.0495186137532011e-13,,,,,,0.0737000082153827,0.07484797738107013,29.102600004989654,1.9318736629299547,0.0006363479574420001
docunet_29_view2.jpg,public,opencv,471,595,estimated,3.185875265877909e-05,5.459319480499307e-05,,,,,,0.0024999608285725117,0.006534322857454863,0.31569995917379856,0.09069225451945684,
docunet_30_view1.jpg,public,basic_dlt,594,393,estimated,8.874485310071478e-09,1.3747708092734652e-08,,,,,,0.16394999693147838,0.0901512233550546,27.060899999924004,2.063140433854247,0.0006139997658233451
docunet_30_view1.jpg,public,normalized_dlt,594,393,estimated,1.95268984709943e-13,3.0364213294729295e-13,,,,,,0.07570002344436944,0.07054631266428739,25.01110004959628,0.2125589319952073,0.0006139997658233451
docunet_30_view1.jpg,public,opencv,594,393,estimated,3.4630262443491186e-05,4.691443275146507e-05,,,,,,0.00400003045797348,0.009527882433217007,0.18759997328743339,0.07362683608438694,
docunet_30_view2.jpg,public,basic_dlt,640,489,estimated,5.696884177831303e-09,8.060014296172713e-09,,,,,,0.13390000094659626,0.0805145091587064,42.72220004349947,4.609005869873259,0.0007732617586912066
docunet_30_view2.jpg,public,normalized_dlt,640,489,estimated,2.0738060016577798e-13,3.595093471822542e-13,,,,,,0.11914997594431043,0.06216281739907816,35.26699997019023,6.665555221705531,0.0007775221540558964
docunet_30_view2.jpg,public,opencv,640,489,estimated,4.242595590947613e-05,5.871968074755378e-05,,,,,,0.002500019036233425,0.007331681406795963,0.15139998868107796,0.09326174505518516,
flipchart_table.jpg,public,basic_dlt,1159,1599,estimated,1.3383614437651426e-10,2.2974025644065679e-10,,,,,,0.12375001097097993,0.07743986990262836,245.66459999186918,6.675423832089386,0.1326195567656878
flipchart_table.jpg,public,normalized_dlt,1159,1599,estimated,4.962290837102553e-13,8.198074455012805e-13,,,,,,0.07474998710677028,0.06067099956313037,245.0494000222534,0.7938595776131048,0.25818516498034166
flipchart_table.jpg,public,opencv,1159,1599,estimated,0.0,0.0,,,,,,0.0025999615900218487,0.009497205634643378,1.0328999487683177,0.1254959225353654,
flipchart_venn.jpg,public,basic_dlt,1229,1599,estimated,1.4546599990325718e-10,2.6167005822709686e-10,,,,,,0.12390001211315393,0.09947136847570691,256.9224000326358,1.2356358854673375,0.37931491288374736
flipchart_venn.jpg,public,normalized_dlt,1229,1599,estimated,4.794872239405274e-13,6.961756090451328e-13,,,,,,0.07115001790225506,0.07702971876572413,265.8600999857299,8.246685877300319,0.35761247579303107
flipchart_venn.jpg,public,opencv,1229,1599,estimated,0.0,0.0,,,,,,0.0024999608285725117,0.008667098539034858,1.070300000719726,0.10889794462873005,
menu_board.jpg,public,basic_dlt,557,1209,estimated,6.727578438061801e-08,1.0590680841698511e-07,,,,,,0.0943500199355185,0.05190319069332509,66.40040001366287,9.192884605087603,0.0005430050602923713
menu_board.jpg,public,normalized_dlt,557,1209,estimated,3.0586245811584807e-13,4.60283564307318e-13,,,,,,0.12240000069141388,0.06628756583770294,81.69840002665296,8.82826734239465,0.0005425100693531805
menu_board.jpg,public,opencv,557,1209,estimated,3.1654245878795174e-05,5.545760617112479e-05,,,,,,0.0039000296965241432,0.010615001068601984,0.5302999634295702,0.02243850233356764,
sample_slanted.png,single,basic_dlt,751,535,estimated,7.4697304704856e-09,1.0572792657748723e-08,1318.732918436573,95.34831207793151,159.83116090797844,113.01769772410802,7.879672897196259,0.09944997145794332,0.10134650745359404,48.6815000185743,1.4507134224292917,9.291868370728955e-05
sample_slanted.png,single,normalized_dlt,751,535,estimated,3.1643941249119896e-13,3.8661528694053927e-13,1318.7329184085775,95.34831208091406,159.83116091730196,113.01769772916116,7.879672897196259,0.07204996654763818,0.0395698060294689,53.268699964974076,0.7596567757206489,9.291868370728955e-05
sample_slanted.png,single,opencv,751,535,estimated,5.948629311565467e-14,1.1368683772161603e-13,1318.7329184085881,95.34831208091389,159.83116091730162,113.01769772916096,7.879672897196259,0.002500019036233425,0.02050250272304057,0.3961999900639057,3.6669146511525876,
sample_slanted.png,single,basic_dlt,640,420,cli,2.026675118536959e-09,3.120493506991372e-09,2.9631616395810486e-08,2.55008264720476e-09,6.687226931356627e-09,2.026675118536959e-09,0.0,0.09094999404624104,0.0992611652053149,36.15279996301979,1.3804448727820042,0.00012152777777777777
sample_slanted.png,single,normalized_dlt,640,420,cli,1.4573328374199865e-13,2.0781825805219832e-13,1.2587643827298941e-08,1.713518129314628e-09,5.067577647873438e-09,1.4573328374199865e-13,0.0,0.07229999755509198,0.05648906847773703,34.81040004407987,0.8892572478359493,0.00012152777777777777
sample_slanted.png,single,opencv,640,420,cli,1.005521188400029e-13,1.1450899432524513e-13,1.2575808031678526e-08,1.7135177187563003e-09,5.067591403713595e-09,1.005521188400029e-13,0.0,0.002700020559132099,0.022785396504472477,0.5530000198632479,3.9228435337572747,
